{"cameraMode":{"drawMode":0,"name":"Shaded","section":"Shading Mode"},"sceneLighting":true,"audioPlay":false,"sceneViewState":{"showFog":true,"showMaterialUpdate":false,"showSkybox":true,"showFlares":true,"showImageEffects":true,"showParticleSystems":true},"in2DMode":false,"pivot":{"x":-10.874551773071289,"y":-5.560927867889404,"z":-15.204919815063477},"rotation":{"x":-0.059917885810136798,"y":0.9304531812667847,"z":-0.1768321543931961,"w":-0.31527572870254519},"size":15.210722923278809,"orthographic":false}