{"cameraMode":{"drawMode":0,"name":"Shaded","section":"Shading Mode"},"sceneLighting":true,"audioPlay":false,"sceneViewState":{"showFog":true,"showMaterialUpdate":false,"showSkybox":true,"showFlares":true,"showImageEffects":true,"showParticleSystems":true},"in2DMode":false,"pivot":{"x":-16.012266159057618,"y":-1.1218712329864503,"z":-13.476285934448243},"rotation":{"x":-0.04119691252708435,"y":0.9102514982223511,"z":-0.09345380961894989,"w":-0.40126311779022219},"size":15.005090713500977,"orthographic":false}