{"cameraMode":{"drawMode":0,"name":"Shaded","section":"Shading Mode"},"sceneLighting":true,"audioPlay":false,"sceneViewState":{"showFog":true,"showMaterialUpdate":false,"showSkybox":true,"showFlares":true,"showImageEffects":true,"showParticleSystems":true},"in2DMode":false,"pivot":{"x":-8.80311393737793,"y":-6.84561014175415,"z":-16.15277099609375},"rotation":{"x":-0.059917885810136798,"y":0.9304531812667847,"z":-0.1768321543931961,"w":-0.31527572870254519},"size":19.148422241210939,"orthographic":false}