{"cameraMode":{"drawMode":0,"name":"Shaded","section":"Shading Mode"},"sceneLighting":true,"audioPlay":false,"sceneViewState":{"showFog":true,"showMaterialUpdate":false,"showSkybox":true,"showFlares":true,"showImageEffects":true,"showParticleSystems":true},"in2DMode":false,"pivot":{"x":4.854885101318359,"y":0.6212291717529297,"z":-1.781503677368164},"rotation":{"x":-0.03048848733305931,"y":0.964252233505249,"z":-0.23016107082366944,"w":-0.12773044407367707},"size":18.184650421142579,"orthographic":false}