{"cameraMode":{"drawMode":0,"name":"Shaded","section":"Shading Mode"},"sceneLighting":true,"audioPlay":false,"sceneViewState":{"showFog":true,"showMaterialUpdate":false,"showSkybox":true,"showFlares":true,"showImageEffects":true,"showParticleSystems":true},"in2DMode":false,"pivot":{"x":3.092574119567871,"y":-2.261962890625,"z":1.7664299011230469},"rotation":{"x":-0.04776150360703468,"y":0.9205025434494019,"z":-0.3690589368343353,"w":-0.11912626773118973},"size":17.216142654418947,"orthographic":false}